¹;1;2;3;4;5;6;7;7-2;7-v;8;9;9-2;10;11;12;13;14;15;16;17;18;19;20;21;22;23;24;25;26;27
1;4;1;3;2;4;55;24;1;625;ÎÀÓÀÎ;29;4;4;70;4;12;6, 9, 18;2;1834984;2151 9630;1133 522;17;29 32;28;700;36;0;"1 3 42283 126849
1 47 2699 126853
1 5 25373 126865
1 293 433 126869";2797 51;67303  200157496
2;4;2;2;3;4;165;10;3;3750;ÎÎÎÓÎ;15;2;18;38;4;14;3;3;1048598;1649 12876;1357 701;19;32 36;31;998;32;1;"1 5 20543 102715
1 59 1741 102719
1 139 739 102721
1 2 51361 102722";3827 61;109737 401536407
3;3;4;4;3;2;147;7;3;256;ÓÀÀÓÎ;14;3;23;2;2;8;4,6,9,12,18,36;2;102697;1178 10992;1236 717;20;34 38;33;999;96;2;"1 3 51343 154029
1 2 77017 154034
1 31 4969 154039
1 3 51347 154041";5011 92;66228 203412732
4;1;3;2;2;4;16;16;4;32000;ÓÎÓÀÓ;27;1;65;256;4;12;6,8,12,24;3;1606706;1265 13188;1320 522;12;21 23;20;871;54;4;"1 2 104917 209834
1 223 941 209843
1 5 41969 209845
1 173 1213 209849";2496 96;123720 402332230
5;2;1;3;4;2;32;28;2;480000;ÀÐÊÊÊ;13;1;42;5400;4;18;5;4;1398104;519 9680;1361 711;13 ;25 23;22;986;38;5;"1 233 647 150751
1 2 75377 150754
1 41 3677 150757
1 13 11597 150761
1 107 1409 150763";3224 96;75960 203343860
6;4;4;2;2;1;19;384;4;8;ÀÓÓÐÊ;11;1;22;30;4;20;6,9,12,18,36;2;1235714;1414 1200;1277 501;15;26 28;25;987;225;6;"1 31 8123 251813
1 5 50363 251815
1 3 83939 251817
1 419 601 251819
1 17 14813 251821";2373 67;782040 997002
7;2;4;1;2;1;77;80;1;108;ÊÊÊÓÊ;25;1;3;256;3;24;5;3;1441790;776 200;1326 708;16;29 31;28;779;448;7;"1 2 56509 113018
1 2 56519 113038
1 131 863 113053
1 2 56527 113054
1 167 677 113059";950 64;692286 952567
8;2;3;4;3;4;36;32;4;2;ÊÓÀÀÊ;13;4;8;128;2;46;4,6,8,12,24;2;1874798;573 1107;1259 560;18;32 34;31;998;230;8;"1 2 111497 222994
1 173 1289 222997
1 269 829 223001
1 7 31859 223013
1 2 111509 223018
1 83 2687 223021";1132 70;11009 200
9;3;4;3;4;1;80;12;2;2560;163;7;1;8;24;3;24;8,17,26;1;1540093;791 1339;1334 486;14;24 26;23;985;572;11;"1 17 15193 258281
1 181 1427 258287
1 173 1493 258289
1 7 36899 258293
1 5 51659 258295";1498 53;2465 121
10;3;3;3;4;1;65;16;1;256000;92;17;4;15;540;3;33;13;1;1671;4358 1098;1350 686;16;28 30;27;959;298;9;"1 271 1249 338479
1 2 169241 338482
1 59 5737 338483
1 2 169243 338486
1 23 14717 338491
1 3 112831 338493";967 88;15062 45226419
11;2;3;1;1;1;25;64;2;128;183;9;1;7;128;2;13;4,8,9,13,17;4;10232;5967 14062;1139 529;14;23;21 24;98;15;14;"1 2 4 41177 82354 164708
1 3 9 18301 54903 164709
1 2 4 41179 82358 164716
1 2 4 41183 82366 164732";862 96;14432 45978688
12;3;1;4;4;4;30;32;1;50;82;8;3;33;200;3;16;8;2;17145;4726 12205;1418 743;15;25;23 26;72;32;30;"1 5 25 7727 38635 193175
1 2 4 48299 96598 193196
1 3 9 21467 64401 193203
1 7 49 3943 27601 193207";1551 51;47 745460178
13;2;2;3;4;1;150;128;4;2400;769;15;3;4;160;3;23;13;1;15287;3707 10986;1239 519;16;15;24 27;711;15;19;" 1 17 289 349 5933 100861
1 2 4 25219 50438 100876
1 2 4 25229 50458 100916
1 3 9 11213 33639 100917";1503 64;30 360137507
14;4;4;2;1;2;660;256;2;32;257;7;4;8;100;3;17;2,11, 22;2;11612;5178 15876;1242 690;17;29;27 30;990;2;28;"1 2 4 44351 88702 177404
1 11 127 1397 16129 177419
1 2 4 44357 88714 177428
1 29 211 841 6119 177451
1 3 9 19717 59151 177453";809 77;17 150016535
15;4;3;1;2;4;707;128;1;1000;721;5;4;10;250;2;14;5,30;4;1343116;3590 12567;1225 659;14;13;22 23;106;102;40;"1 19 361 499 9481 180139
1 11 121 1489 16379 180169
1 7 49 3677 25739 180173
1 5 25 7207 36035 180175";1103 80;8 128567918
16;4;4;4;2;3;26;64;3;44;841;13;2;20;300;1;17;72;1;5158048;2311 1176;1402 738;14;25;23 24;108;266;49;"1 3 9 15083 45249 135747
1 2 4 33937 67874 135748
1 2 4 33941 67882 135764
1 5 25 5431 27155 135775";1067 64;19 132286186
17;4;3;3;2;1;60;32;2;1875;ÐÐÐÎÊ;7;1;3;21;3;11;7;1;1112057;2025 1056;1153 612;15;27;25 26;100;627;106;"1 2 281 562 78961 157922
1 5 25 6317 31585 157925
1 3 9 17551 52653 157959";1068 77;6 129920689
18;1;2;2;3;1;89;16;3;48;ÓÓÓÎÓ;7;3;11;765;3;16;5;2;1594324;1353 980;1309 539;16;29;27 28;107;92;72;"1 3 9 15907 47721 143163
1 2 4 35797 71594 143188
1 31 149 961 4619 143189
1 2 4 35801 71602 143204
1 2 4 35803 71606 143212";928 77;11 17813
19;2;2;2;2;4;135;8;2;512;ÒÒÐÌ;18;4;8;200;4;16;8;4;1195750;1644 1308;1318 616;18;17;30 31;168;8;136;"1 2 4 29717 59434 118868
1 2 4 29723 59446 118892
1 11 121 983 10813 118943
1 3 9 13217 39651 118953
1 2 4 29741 59482 118964
1 3 9 13219 39657 118971";933 44;663497670 999806976
20;1;3;4;1;2;44;256;2;40;ÐÊÐÊÎ;10;2;2;192;2;9;4;1;37282721;1867 1050;1309 607;19;18;29 33;179;31;732;"1 17 289 349 5933 100861
1 2 4 25219 50438 100876
1 2 4 25229 50458 100916
1 3 9 11213 33639 100917
1 2 4 25237 50474 100948
1 29 59 1711 3481 100949";748 70;19 235
21;4;4;4;3;4;9;8;4;1250;128;8;1;75;160;2;13;4,24,25;4;2496118;380 9737;1276 719;18;17;28 31;170;33;16;"190201 17291 11 1
190202 95101 2 1
190214 95107 2 1
190219 853 223 1
190222 95111 2 1
190223 17293 11 1
190227 63409 3 1
190229 14633 13 1";9000 190680;13608 40724928
22;1;2;3;3;1;11;28;1;1280;80;15;2;141;250;3;14;2,6,7,8,18,19,20;2;96631265;1323 2478;1492 640;17;16;26 29;118;14;11;"190226 838 454 2
190234 17294 22 2
190238 2606 146 2
190252 95126 4 2
190258 758 502 2
190274 27182 14 2
190276 95138 4 2";957 501;6804 19817794  
23;4;3;2;2;2;60;30;2;1088;240;7;4;110;256;3;20;194;4;22947841;3232 8298;1619 945;16;27;25 28;105;22;20;"190061 6131 31 1
11879 1697 7 1
190067 2677 71 1
23759 1033 23 1
190073 14621 13 1
95039 13577 7 1
190079 2837 67 1";519 909;13159 40799380
24;3;3;2;1;3;110;24;3;1056;1215;5;2;18;400;2;16;5,13,21;2;2468785;2568 7856;1535  975;15;25;23 26;177;25;44;1 11 121 1331 14641;856 953;8015 19596697
25;3;2;3;3;3;2048;64;2;2576;486;13;3;109;150;3;24;11;4;3279892;363 2319207;32 23;12;11;9 19;89;60;19;1 13 169 2197 28561;27700 7896;13035 40382419
26;3;1;1;3;1;21;256;4;3088;256;7;3;1729;540;4;18;9;4;24 1114369;8587 1486388;304 341 342 345;18;17;26 27;27;26;20;1 17 289 4913 83521 ;3845;6495 20191039
27;3;4;2;4;1;29;72;2;1288;1458;7;3;2;300;2;17;8;2;30 1249317;471 3720;137 650;17;16;24 25;117;129;7;1 19 361 6859 130321;340;11828 41262097
28;3;1;4;3;3;85;42;3;60;640;17;4;29;500;3;18;7;3;40 6791973;683 7407;1053 2053;18;17;28 30;149;88;95;1 23 529 12167 279841;1054 732;6813 19751921
29;2;4;2;4;2;77;90;4;2048;1215;9;1;92;200;4;15;9;1;46 3267851;8555 910880;1222;17;16;25 27;417;48;31;"1 29 841 24389 707281
1 31 961 29791 923521";496209 96;25034 76468978
30;2;4;2;1;2;58;32;3;72;324;7;4;52;100;3;36;6;1;199 3238315;1533 2190194;399;14;13;20 22;85;26;150;1 31 961 29791 923521;72 17730;4913 15089332
31;17;3;4;2;4;89;24;340;400;150;15;4;RECOMMENDED;240;3;11;7;4;499 324;550 3136;575;5;4 15;14;51;32;54;"1 37 1369 50653 1874161
1 41 1681 68921 2825761";499078 550;15148 29466419
32;14;2;3;2;2;62;20;2;2340;29;7;1;10;150;1;9;11;2;999 9;376 7750;458;4;3 14;0;91;32;169;48 394450 197225;482303 576;5896 14078757
33;15;1;1;1;3;100;512;3;1800;256;5;1;ÂÅÒÂËÅÍÈÅ;3;2;34;4;3;6999 33;2187 6558;617;11;16 21;1;37;44;1280;112 287040 143520;464632 602;18380 58701760
34;16;3;2;3;1;120;16;4;15;496;13;3;14;2850;2;36;6;1;520 7;1024 4094;456;11;17 20;2;157;40;891;"80 586224 293112
80 586320 293160";6808 99;9750 30227250
35;22;4;1;1;2;28;2;5;2;256;7;3;6;1300;3;49;6;2;16 32 16;1455 4237;551;14;23 26;2;5994;84;362;"1 48 394485 131495
2 48 394500 197250
3 48 394506 197253
4 48 394524 197262
";143518 4;"51 24019058

51 24019058

51 24019058

51 24019058"
36;15;2;3;3;3;16;16;90;10;61;502;3;13;150;4;36;13;4;30;1622 5137;495;10;15 19;1;607;75;660;" 1 194481 25 441 
2 195364 27 442 
3 196249 3 443 ";63792 600;110 519880
37;16;4;1;3;3;115;64;40;48;121;32 8;1;61;2500;4;7;6;3;22;1600 4210;469;13;20 24;0;104;25;4904;" 1 249001 3 499
2 251001 9 501 ";5931 800;37 1824804089
38;12;2;2;2;2;177;16;4;3076;33;181792;2;26;6;2;12;7;1;8;2919 9679;608;7;12 14;2;9910;77;5563;405456 4 270302 135151 2 1;573 229;71 254363
39;21;4;4;2;2;100;128;3;2832;256;418 86 ;3;42;94;2;33;6;2;802165;1425 9080;617;11;3;7 8;35;301;5 6 126;574992 4 573431 967 593 1;118 10000;75 508801
40;16;4;3;2;1;27;4;2;10248;324;942;2;27;200;2;24;3, 8, 13, 18;3;87810480;494 1874;5;14;5;9 10;52;201;14 9 179;"1 2943467
2 2943491
3 2943503
4 2943527";113 9999;621 103914584
41;17;1;2;1;2;2;64;5;9224;37;218;4;31;100;3;33;6, 31, 56, 81;2;40;119 9421;882;15;3;11 12;34;57;"1 4 Cccc
2 3 Ccc
3 1 C
4 2 Cc";"1 4671071
2 4671077
3 4671097
4 4671101";;250 20069147
42;28;3;4;3;1;6;2;128;À216;175;294;2;9;320;3;66;8,72;3;46;26 2586;8;13;4;8 9;4;64;"1 9 ccccccccC
2 8 cccccccC
3 8 cccccccC
4 6 cccccC
5 7 ccccccC
6 8 cccccccC";"1 4202897
2 4202899
3 4202903
4 4202911
5 4202923
";;3054 455301718
43;17;1;1;2;2;18;5;20;A120;781;12;4;22;1100;1;22;5,80;2;655360;1176 3723;446;16;8 15;12;800;247;"18
AAACCAAABBBCBBB BBBCCCCCCABCCCC
AAA2ccAAABBB1cB B6ccccccAB4cccc";"1 1547347
2 1547383
3 1547389
4 1547407";;1063 151540169
44;11;4;4;4;1;392;8;45;Á6;369;27;3;14;120;2;44;7,56;4;121757;585 9189;15;18;9 17;14;801;308;"17
AAACCAAABBBCBBB AABBBBBBCCCABCC
AAA1C!AAABBB2CB BBBB16C!!AB17C!";"1 4837187
2 4837201
3 4837213
4 4837219
5 4837223";;2996 454694482
45;8;3;2;3;2;101;1;80;115;2101;16;3;13;600;3;99;22;1;180224;723 -3115;2936;21;7 20;18;68;232;"14
AAACBBBCBBBBCCAAAAAABBBBBBBBCCAAAAA
24CCCCCCCCCCCCCCCCCCCCCCCC1024AAABB";"1 4301623
2 4301669
3 4301699
4 4301701
5 4301707";;1239 151970679
46;13;2;2;3;4;22;10;95;1465;91;18;4;35;1000;3;56;4;4;92;350 -7008;1874;41;3;12 38;555;52;12 129;"1 2358827
2 2358841
3 2358859
4 2358877
5 2358887";;115110 410884352
47;11;4;3;4;1;27;54;15;1372;671;34;2;17;390;4;90;5;3;64;2057 192;8558;34;1;11 32;4333;39;18 145;"1 4730729
2 4730771
3 4730779
4 4730807
5 4730809
6 4730813";;64573 189977078
48;5;3;4;3;2;16;16;80;5290;4651;17;4;242;400;1;60;6;3;842;8515 125;245937;14;3;12 39;469;35;72 148;"1 2484311
2 2484319
3 2484323
4 2484331
5 2484353
6 2484359";;
49;8;1;2;1;2;25;13;8;23070;13;18;8;17;640;1;96;3;1;32;774 4092;58963;21;22 42;24;99888;17;62 155;"1 1371089
2 1371103
3 1371107
4 1371113
5 1371119
6 1371121";;
50;12;4;3;1;3;16;200;24;60;113;5584;2;196;7;4;64;4;4;285;851 335;1986;25;26 50;28;2000;17;19 156;"1 2532433
2 2532437
3 2532449
4 2532451
5 2532479
6 2532487";;
51;14;4;3;1;2;24;3;8;6;821;71879 70609;3;16;8;4;14;4;1;148176;147061  823538;30;45;46 90;48;4097;28;22 153;"1 3144509
2 3144527
3 3144529
4 3144539
5 3144551
6 3144571
7 3144587
8 3144599";;
52;11;3;4;3;3;11;1;100;180;624;15 3;7;31;10;3;15;14;4;85400;45  15610;8;100;150;250 299;432;55;2 3;"1 4409981
2 4410019
3 4410041
4 4410047
5 4410061
6 4410079
7 4410097
8 4410101";;
53;8;4;2;2;4;100;1;15;9;1008;30;2;95;12;3;9;14;3;48;62730 24;840 82;15;17 30;21;1003;377;W 4;"1 3614033
2 3614041
3 3614057
4 3614087
5 3614099
6 3614101
7 3614111";;
54;15;2;4;4;3;27;6;180;1380;765;61;12;28;21;2;10;64;2;33;2679 14728918;778 80;3;2 19;18;929;28;9 5;"1 6638227
2 6638231
3 6638249
4 6638251
5 6638263
6 6638273
7 6638299
8 6638321";;
55;10;3;3;2;1;16;3;18;A52;11504;56;12;6;17;3;11;14;1;91;476 2183841;875 210;6;14 22;21;112;70;S 6;"1 5336753
2 5336761
3 5336789
4 5336797
5 5336801
6 5336813
7 5336831
8 5336833";;
56;16;2;4;1;2;36;16;160;A148;768;35;5;139;186;1;9;12;3;384;2539 14942988;859 193;7;22 24;21;1500;21;K 7;"1 5962477
2 5962499
3 5962519
4 5962547
5 5962549
6 5962573
7 5962577";;
57;10;4;1;2;9593;42;512;35;A50;2560;16;1;18;113;4;66;16;1;575;2046 9555327;1216 196;8;28 30;27;4;12;J 5;"1 5408309
2 5408311
3 5408323
4 5408341
5 5408357
6 5408383
7 5408387";;
58;11;2;3;1;3959;10;1024;96;A170;409;14;5;22;40;3;30;7;2;77;498 2284029;1024 276;4;3 23;22;22225;38;V 8;"1 6080069
2 6080131
3 6080141
4 6080147
5 6080149
6 6080153
7 6080161";;
59;22;4;7;3;9390;32;256;32;A26;1584;21;7;34;46;4;36;9;4;137;2263 10777692;779 76;7;11 25;24;121;6;1 9;"1 7178609
2 7178617
3 7178621
4 7178623
5 7178627
6 7178653
7 7178657
8 7178659";;
60;55;4;3;2;1609;24;810;112;A234;576;10;3;7;51;1;84;6,9,10,12;2;100;3769 20230104;731 40;8;12 29;28;501;20;E 11;"1  3532147
2  3532121
3  3532103
4  3532091
5  3532049
6  3532033
7  3532021
8  3532019
9  3532007";;
61;30;2;6214;3;2499;65;2160;9;A10;1125;19;5;98;23;1;42;7,8,10,14;3;33;646 3312617;796 52;8;20 31;30;180101;8;0 14;"1 2532157
2 2532143
3 2532137
4 2532113
5 2532109
6 2532107
7 2532083
8 2532071
9 2532067
10 2532007";;
62;46;4;5215;2;9964;200;675;60;A106;175;11;6;20;2300;3;42;12;1;27;3014 13692938;974 306;10;5 11;8;44488;88;O 13;"1 1532143
2 1532131
3 1532123
4 1532117
5 1532107
6 1532093
7 1532081
8 1532077";;
63;8;2;4;1;5300;38;450;600;À122;875;24;2;19;16;2;63;9;3;14;986 5368496;960 205;;;;99773;38;A 23;"1   2532007
2   2532067
3   2532071
4   2532083
5   2532107";;
64;16;3;3688;3;1048;45;75;10;À48;250;66;3;11;6;2;105;11;4;16;7896 225;778 72;;;;95555;36;V 28;"1 2532007
2 2532067
3 2532107
4 2532137
5 2532157";;
65;36;3;6952;2;169;14;300;48;Á2;1250;5;3;120;41;4;8;5;2;164;55527 10958 ;1144 448;;;;10556;110;Z 41;"1 2532007
4 2532083
7 2532113
10 2532157";;
66;45;1;3;1;395;17;256;36;À76;676;24;5;39;23;2;80;7;4;49;666774 1538;1072 440;;;;10047;133;G 34;"1 195193
2 195493
3 195593
4 195893
5 196193";;
67;25;4;5;3;953;17;256;50;À7;17576;10;11;31;18;3;96;112;2;;899954 5195;1296 648;;;;96444;280;O 63;355 22088;;
68;20;1;4;4;967;23;4;90;À42;144;21;7;282;31;3;77;24;3;;233 2205;1176 640;;;;35;13;7100;262 14888;;
69;25;2;3;4;806;92;1;4;Á9;250;9;6;7;51;4;76;114;4;;37071 63249;1256 472;;;;1011;18;K 137;238 4488;;
70;8;3;3;3;122;99;3;42;Á14;324;21;4;8;15;1;154;53;2;;12524 3598;1304 664;;;;13001;104;S 153;"6 3
28 5
496 9
8128 13
";;
71;35;2;2;3;217;49;9;144;À2;73;39;2;33;18;2;144;7;2;;290 1936;1021 222;;;;12;169;S 4500;2362;;
72;8;1;3;1;921;53;36;5;Á9;376;51;3;66;36;4;24;5;4;;20865 89997;967 25;;;;248;90;"2 3
7 3
7 3
5 3";2310 5;;
73;5;4;1;3;639;91;27;4;Á4;513;12;1;20;76;1;28;7;3;;5272 99879;811 201;;;;105;124;"W 4
0 4
7 4";4953;;
74;13;1;3;4;298;105;8;3;Á13;487;17;20;15;46;2;33;11;2;;16734 29874;785 176;;;;120;558;"9 5
N 5";22567;;
75;17;2;2;1;780;10;;2;3;144;11;3;30;57;4;30;13;3;;4 59049;100 77;;;;288;40;"S 6
P 6
C 6";"1024
2048
4096
8192
16384";;
76;50;62;2;4;920;14;;9;15;72;20;4;111;22;2;24;11;1;;9069 505554;13 18;;;;59;43;"K 7
5 7
N 7
Q 7";"220 284
1184 1210
2620 2924
5020 5564
6232 6368
10744 10856
12285 14595
17296 18416";;
77;20;63;3;2;9492;101;;6;Á13;360;16;9;7;;3;30;17;4;;1248 151000;58;;;;106;175;159;2262;;
78;22;127;1;3;3969;120;;5;Á4;130;14;20;81;;1;30;3;20;;121 76540;66;;;;109;120;166;17984;;
79;20;4;0;4;9810;15;;8;100;86;;24;70;;2;25;100;40;;455 9721;81;;;;120;34;75;255203;;
80;14;251;2;2;9806;28;;60;140;157;;75;116;;4;8;34;4;;11 27648;104;;;;117;71;82;9699690 8;;
81;21;255;2;3;1397;5;;3;;1409;;8;84;;4;7;42;2;;5 1935360;82;;;;125;20;74;"2
4
16
64
4096
65536
262144";;
82;17;63;0;3;187;19;;5;;2497;;12;47;;2;11;2;3;;10334 99972;46;;;;108;44;77;"300
304
306
308
312
318
320
324
330
336
340
342
348
350";;
83;25;61;3;4;296;4;;4;;4036;;11;30;;5;11;10;2;;19 9612;33;;;;128;355;124;494;;
84;18;127;2;3;33;68;;10;;4053;;17;7;;2;10;10;1;;453 10010;29;;;;32;110;65;"28 1152
28 1512
28 2016
42 40824";;
85;11;125;517;3;56;23;;15;;19;;18;60;;7;8;14;4;;358 24990;;;;;1040;42;67;25;;
86;7;252;367;3;6;94;;72;;2967;;9;34;;11;27;11;1;;393 24988;;;;;1004;60;54;124478618;;
87;25;253;3;00;4;280;;48;;2963;;4;8;;17;21;13;4;;335 6904;;;;;123;68;7642289;177084;;
88;22;4;5;2;26;147;;;;1;;1;159;;19;161;7;18;;;;;;;6094;75;123;14312;;
89;25;8;6;4;31;-209;;;;2;;9;0;;13;;1024;640;;;;;;;3599;180;54476;20183;;
90;30;251;2186;2;28;-220;;;;12;;;6;;41;;2017;12;;;;;;;225;210;888;21891;;
91;32;256;2081;1;25;301;;;;78;;;9;;23;;2015;231;;;;;;;210;45;577331;377;;
92;28;0;;3;47;375;;;;72;;;13;;6;;2013;13;;;;;;;9;234;4444;18830053;;
93;26;64;;3;102;2;;;;504;;;55;;13;;5432;96;;;;;;;17;2196;3;13950;;
94;67;128;;3;120;3;;;;480;;;55;;15;;3038;17;;;;;;;28;1873;7;58326;;
95;ÁÂÃÅÆ;64;;2;132;67;;;;3720;;;20;;3;;2010;12;;;;;;;82;63;8;10335599;;
96;ÁÀÃÄÅÆ;0;;3;154;250;;;;3600;;;32;;1;;909;120;;;;;;;244;156;7;"17  4913
19 6859";;
97;ÁÀÂÄÃÅÆ;120;;00;184;256;;;;92;;;29;;4;;3564;7;;;;;;;626;96;6;"142 473759
118 462767
126 464999
118 461969
118 477071";;
98;Å;0;;9;732;383;;;;90;;;5;;1;;9880;4;;;;;;;258;120;XYZ;"250047 4 9261
273375 5 91125
364500 5 91125
421875 4 15625
455625 5 91125
500094 5 250047";;
99;Â;5;;12;30969;67;;;;92;;;15;;6;;1615;2;;;;;;;33;75;ADEFWXZ;"524160 10 96
540540 10 99
582120 10 99
589680 10 91
637560 10 99";;
100;Ã;60;;13;50979;353;;;;582;;;22;;3;;6957;1;;;;;;;184;40;3BEHUkvy;"450450 1001
589050 1050
630630 1001";;
101;26;14;;26;17;668;;;;576;;;21;;7;;2674;4;;;;;;;110;63;3TWZfgq;14047 190231;;
102;17;39;;36;19;611;;;;582;;;17;;5;;22;6;;;;;;;4;174;DLXipu;14380 268313;;
103;18;16;;20;23;535;;;;4224;;;13;;11;;101;7;;;;;;;9;36;7;16200 390088;;
104;35;248;;185;98;28;;;;4224;;;49;;15;;12;2;;;;;;;90;28;49234;12593 442939;;
105;ÀÂÆÅÁÃÄ;30;;3;93;410;;;;4200;;;0;;–10, –15;;13;25;;;;;;;114;53;45718;739 743;;
106;ÃÂÄÁÀÅÆ;125;;4;82;100;;;;8;;;;;–25, –5;;11;10;;;;;;;13;21;994;2 342467;;
107;ÆÂÅÃÀÁÄ;57;;2;8;70;;;;12;;;;;2;;1504;23;;;;;;;79;37;224;15535 176399 ;;
108;ÂÄÁÅÀÃÆ;253;;10110;7;694;;;;72;;;;;20;;541;24;;;;;;;39;186;3;16321 315674;;
109;ÅÆÃÁÀÄÂ;3;;11000;2;531;;;;144;;;;;2;;342;9;;;;;;;221;384;8;1710 173231;;
110;;4;;25;3;343;;;;360;;;;;12;;373;8;;;;;;;71;390;8;2741 309869;;
111;;1;;23;B421;60;;;;3120;;;;;1;;443;7;;;;;;;271;400;6;2182 293612;;
112;;4;;20;134;200;;;;4080;;;;;8;;4400;15;;;;;;;384;1157;8;13562 330929;;
113;;cab;;010;154;699;;;;2520;;;;;53355;;324;22;;;;;;;510;;ZYX;569 571;;
114;;bac;;000;1028;;;;;6;;;;;22;;133;25;;;;;;;785;;ZYXFEDBA;2 210967;;
115;;cba;;110;1066;;;;;36;;;;;5355;;105;18;;;;;;;614;;vkgfZN80;4961 497009;;
116;;bac;;100;1094;;;;;240;;;;;2288;;1032;23;;;;;;;943;;xEA541;10013 404258;;
117;;abc;;1100;1497;;;;;24;;;;;5533;;2023;18;;;;;;;280;;zrqjWRC1;23707 220778;;
118;;cba;;0010;1596;;;;;84;;;;;288;;5;11;;;;;;;960;;14;38621 158934;;
119;;cab;;11;7030;;;;;1320;;;;;553;;8;14;;;;;;;605;;353204;14216 270732;;
120;;acb;;110;9363;;;;;216;;;;;88;;897;6;;;;;;;1044;;44701;241 325167;;
121;;yxz;;1100;9616;;;;;90;;;;;553355;;757;42;;;;;;;17010;;563;274 318449;;
122;;zxy;;14;9656;;;;;120;;;;;28;;231;90;;;;;;;109;;993;331 388644;;
123;;xzy;;1011;9595;;;;;420;;;;;53;;8;36;;;;;;;955;;28;434 81412;;
124;;zxy;;010;3969;;;;;180;;;;;2288;;8;54;;;;;;;263;;29;365 604227;;
125;;yxz;;011;1464;;;;;140;;;;;5335;;237;3;;;;;;;200;;236815;231 508049;;
126;;cba;;101;4979;;;;;ÎÓÀÓÓ;;;;;8;;368;21;;;;;;;221;;10;"279841 12167
707281 24389
923521 29791";;
127;;abc;;000;9956;;;;;ÜÍÅÅ;;;;;55335;;374;15;;;;;;;89;;18;"1874161 50653
2825761 68921
3418801 79507";;
128;;bac;;1000;9926;;;;;72;;;;;228;;162;12;;;;;;;980;;17;"4879681 103823
7890481 148877";;
129;;bca;;00;9950;;;;;36;;;;;858;;>;18;;;;;;;255;;20137;"12117361 205379
13845841 226981
20151121 300763";;
130;;cab;;10;9464;;;;;12;;;;;5;;>;16;;;;;;;24;;19857;"62742241 704969
88529281 912673";;
131;;cba;;111;9676;;;;;6;;;;;338;;<;7;;;;;;;159;;40451;"112550881 1092727
131079601 1225043
141158161 1295029";;
132;;acb;;0110;1194;;;;;480;;;;;388;;<;12;;;;;;;1000;;75;"260144641 2048383
294499921 2248091
352275361 2571353";;
133;;yzx;;100;1498;;;;;144;;;;;28;;8;8;;;;;;;956;;75;"373301041 2685619
492884401 3307949
519885601 3442951";;
134;;yxz;;000;120;;;;;72;;;;;533555;;0;18;;;;;;;2439;;31348;"607573201 3869893
705911761 4330747";;
135;;wxzy;;1000;5;;;;;24;;;;;555;;12;42;;;;;;;216;;2198;"405405 135135 
530145 176715 
592515 197505 
626535 208845";;
136;;zwyx;;1010;13;;;;;446;;;;;2266222;;4;285;;;;;;;6561;;7626;"30030 13
39270 17
43890 19
46410 17";;
137;;wyzx;;0000;2;;;;;888;;;;;66;;3;102;;;;;;;15;;482;"540540 780
619344 828
637560 840
752400 912
865800 975
889200 988";;
138;;ywzx;;0001;126;;;;;1026;;;;;226622;;343;3;;;;;;;19;;470;"1113840 1105
1179360 1134
1208844 1148
1422720 1248
1499400 1275";;
139;;wxzy;;14;156;;;;;446;;;;;6;;3;18;;;;;;;7;;48;"2053440 1488
2098080 1504
2328480 1584
2620800 1680
2638944 1683
2692800 1700";;
140;;xwzy;;13;78;;;;;1866;;;;;26222;;100;9;;;;;;;5;;433;"887339 937
944759 967
1028171 1009
1052651 1021";;
141;;xzwy;;15;17;;;;;1558;;;;;2266;;E;25;;;;;;;69;;757;"1040399 1021
1065023 1033
1102499 1051
1127843 1063";;
142;;zwyx;;12;13;;;;;2004;;;;;266;;6;3;;;;;;;127;;784;"867989 983
936461 1019";;
143;;xzyw;;111;15;;;;;41984;;;;;2666;;5;1;;;;;;;170;;59;;;
144;;yzxw;;5;29;;;;;30618;;;;;2262;;1000;16;;;;;;;23;;2087;;;
145;;ywzx;;5;95;;;;;12825;;;;;266;;1210;3;;;;;;;41;;18;;;
146;;yxz;;8;141;;;;;15360;;;;;447744;;14;7;;;;;;;367;;26;;;
147;;zxy;;6;111;;;;;12825;;;;;77;;20;32;;;;;;;33;;L1567;;;
148;;zyx;;6;11;;;;;3942;;;;;4477444;;8;96;;;;;;;114;;U1618;;;
149;;zyx;;22;17;;;;;656;;;;;777;;12;160;;;;;;;97333;;X73;;;
150;;xzy;;23;21;;;;;144;;;;;7744;;16;8;;;;;;;629;;T72;;;
151;;zxy;;25;65;;;;;108;;;;;44;;9;32;;;;;;;393;;;;;
152;;xyz;;25;86;;;;;324;;;;;44774;;5;68;;;;;;;502;;;;;
153;;yzx;;28;134;;;;;432;;;;;447;;13;66;;;;;;;65;;;;;
154;;xyz;;37;19;;;;;720;;;;;77;;25;74;;;;;;;16;;;;;
155;;yzx;;20;25;;;;;9373;;;;;47;;4;60;;;;;;;13;;;;;
156;;xzy;;5;35;;;;;480;;;;;39;;5;30;;;;;;;13437;;;;;
157;;xywz;;011;71;;;;;1296;;;;;9933;;17;108;;;;;;;132;;;;;
158;;yxzw;;1100;78;;;;;2880;;;;;3;;38;95;;;;;;;174;;;;;
159;;zwxy;;;105;;;;;5184;;;;;993;;37;79;;;;;;;101;;;;;
160;;yxz;;;138;;;;;504;;;;;3999;;38;8;;;;;;;213;;;;;
161;;zxy;;;56;;;;;1008;;;;;33;;35;12;;;;;;;;;;;;
162;;yzx;;;72;;;;;1008;;;;;45;;14;20;;;;;;;;;;;;
163;;yxz;;;416;;;;;1008;;;;;4;;13;13;;;;;;;;;;;;
164;;wxzy;;;352;;;;;840;;;;;455;;42;47;;;;;;;;;;;;
165;;zwyx;;;928;;;;;5880;;;;;453;;41;13;;;;;;;;;;;;
166;;wyzx;;;112;;;;;35280;;;;;365;;12;34;;;;;;;;;;;;
167;;ywzx;;;144;;;;;168;;;;;33;;13;3;;;;;;;;;;;;
168;;wxzy;;;960;;;;;1161;;;;;43;;14;44;;;;;;;;;;;;
169;;xwzy;;;800;;;;;1456;;;;;464;;11;48;;;;;;;;;;;;
170;;xzwy;;;1472;;;;;1456;;;;;564;;12;7;;;;;;;;;;;;
171;;zwyx;;;134;;;;;4325;;;;;5665;;9;2;;;;;;;;;;;;
172;;xzyw;;;107;;;;;23625;;;;;365;;4;26;;;;;;;;;;;;
173;;yzxw;;;90;;;;;96;;;;;52774;;26;8;;;;;;;;;;;;
174;;ywzx;;;11;;;;;6400;;;;;152;;18;20;;;;;;;;;;;;
175;;yzx;;;146;;;;;;;;;;1;;30;10;;;;;;;;;;;;
176;;yxz;;;63;;;;;;;;;;16;;21;2;;;;;;;;;;;;
177;;xzy;;;176;;;;;;;;;;447;;8;32;;;;;;;;;;;;
178;;yxz;;;161;;;;;;;;;;561;;3;1;;;;;;;;;;;;
179;;zxy;;;136;;;;;;;;;;147;;3;43;;;;;;;;;;;;
180;;yzx;;;103;;;;;;;;;;186;;8;23;;;;;;;;;;;;
181;;xyz;;;35;;;;;;;;;;163;;7;20;;;;;;;;;;;;
182;;yxz;;;78;;;;;;;;;;5355;;6;5;;;;;;;;;;;;
183;;yzx;;;52;;;;;;;;;;13;;9;10;;;;;;;;;;;;
184;;ywzx;;;238;;;;;;;;;;77;;11;6;;;;;;;;;;;;
185;;yzwx;;;143;;;;;;;;;;722;;6;9;;;;;;;;;;;;
186;;yzx;;;45;;;;;;;;;;22;;7;53;;;;;;;;;;;;
187;;ywxz;;;63;;;;;;;;;;111;;8;10;;;;;;;;;;;;
188;;zwyx;;;85;;;;;;;;;;33;;9;2;;;;;;;;;;;;
189;;xzyw;;;158;;;;;;;;;;7;;11;11;;;;;;;;;;;;
190;;yzwx;;;39;;;;;;;;;;67,33;;12;3;;;;;;;;;;;;
191;;yxwz;;;43;;;;;;;;;;68,22;;7;4;;;;;;;;;;;;
192;;xwyz;;;40;;;;;;;;;;887;;4;6;;;;;;;;;;;;
193;;yzxw;;;88;;;;;;;;;;8888;;504;5;;;;;;;;;;;;
194;;yzwx;;;98;;;;;;;;;;167;;519;6;;;;;;;;;;;;
195;;wyzx;;;48;;;;;;;;;;159;;16;4;;;;;;;;;;;;
196;;xwyz;;;68;;;;;;;;;;3321;;24;7;;;;;;;;;;;;
197;;xwzy;;;80;;;;;;;;;;22;;227;5;;;;;;;;;;;;
198;;wzyx;;;108;;;;;;;;;;3221;;4032;18;;;;;;;;;;;;
199;;;;;126;;;;;;;;;;332211;;31;20;;;;;;;;;;;;
200;;;;;116;;;;;;;;;;21;;185;32;;;;;;;;;;;;
201;;;;;114;;;;;;;;;;1122;;111;50;;;;;;;;;;;;
202;;;;;102;;;;;;;;;;313;;12;9;;;;;;;;;;;;
203;;;;;92;;;;;;;;;;332113;;8;7;;;;;;;;;;;;
204;;;;;86;;;;;;;;;;1;;59;60;;;;;;;;;;;;
205;;;;;12;;;;;;;;;;3211;;87;95;;;;;;;;;;;;
206;;;;;19;;;;;;;;;;2;;198;3;;;;;;;;;;;;
207;;;;;24;;;;;;;;;;11222;;97;2;;;;;;;;;;;;
208;;;;;8;;;;;;;;;;12;;68;8;;;;;;;;;;;;
209;;;;;19;;;;;;;;;;222;;72;48;;;;;;;;;;;;
210;;;;;14;;;;;;;;;;717;;5;50;;;;;;;;;;;;
211;;;;;117;;;;;;;;;;123;;8;15;;;;;;;;;;;;
212;;;;;994;;;;;;;;;;63;;14;5;;;;;;;;;;;;
213;;;;;309;;;;;;;;;;84;;36;57;;;;;;;;;;;;
214;;;;;540;;;;;;;;;;54;;13;47;;;;;;;;;;;;
215;;;;;4;;;;;;;;;;107;;20;4;;;;;;;;;;;;
216;;;;;0;;;;;;;;;;41;;5;251;;;;;;;;;;;;
217;;;;;7;;;;;;;;;;42;;6;123;;;;;;;;;;;;
218;;;;;12;;;;;;;;;;37;;7;4;;;;;;;;;;;;
219;;;;;6;;;;;;;;;;82;;8;32;;;;;;;;;;;;
220;;;;;2;;;;;;;;;;92;;9;3;;;;;;;;;;;;
221;;;;;15;;;;;;;;;;48;;0 - 26,1 - 2, 2 – 1;8;;;;;;;;;;;;
222;;;;;9;;;;;;;;;;4;;0 - 20,1 - 2, 2 - 1;56;;;;;;;;;;;;
223;;;;;25;;;;;;;;;;5;;"0 - 3,1 - 2, 
2 - 2, 3 - 0,
4 - 66";2;;;;;;;;;;;;
224;;;;;43;;;;;;;;;;8;;"0 - 1, 1 - 0,
2 - 0, 3 - 1,
4 - 1, 5 – 2, 6 - 66";58;;;;;;;;;;;;
225;;;;;53;;;;;;;;;;11;;0 - 51, 1 - 4, 2 - 0, 3 - 0, 4 - 4;8;;;;;;;;;;;;
226;;;;;32;;;;;;;;;;16;;"0 - 149, 
1 - 4, 2 - 0, 3 - 0,4 - 2, 
5 - 0, 6 - 0";24;;;;;;;;;;;;
227;;;;;41;;;;;;;;;;9;;0 - 81, 1 - 1, 2 - 3, 3 - 3;32;;;;;;;;;;;;
228;;;;;47;;;;;;;;;;10;;"0 - 502, 
1 - 1, 2 - 1, 3 - 0,  
4 - 55";96;;;;;;;;;;;;
229;;;;;13;;;;;;;;;;19;;14;1;;;;;;;;;;;;
230;;;;;12;;;;;;;;;;17;;11;65;;;;;;;;;;;;
231;;;;;24;;;;;;;;;;23;;9;21;;;;;;;;;;;;
232;;;;;;;;;;;;;;;34;;9;297;;;;;;;;;;;;
233;;;;;;;;;;;;;;;44;;2;8;;;;;;;;;;;;
234;;;;;;;;;;;;;;;101;;4;40;;;;;;;;;;;;
235;;;;;;;;;;;;;;;110;;407;45;;;;;;;;;;;;
236;;;;;;;;;;;;;;;98;;13;62;;;;;;;;;;;;
237;;;;;;;;;;;;;;;276;;138;11;;;;;;;;;;;;
238;;;;;;;;;;;;;;;205;;53;17;;;;;;;;;;;;
239;;;;;;;;;;;;;;;450;;90;22;;;;;;;;;;;;
240;;;;;;;;;;;;;;;465;;77;120;;;;;;;;;;;;
241;;;;;;;;;;;;;;;252;;386;48;;;;;;;;;;;;
242;;;;;;;;;;;;;;;274;;23;169;;;;;;;;;;;;
243;;;;;;;;;;;;;;;231;;19;255;;;;;;;;;;;;
244;;;;;;;;;;;;;;;132;;74;256;;;;;;;;;;;;
245;;;;;;;;;;;;;;;213;;4;82;;;;;;;;;;;;
246;;;;;;;;;;;;;;;365;;5;16;;;;;;;;;;;;
247;;;;;;;;;;;;;;;54;;;101;;;;;;;;;;;;
248;;;;;;;;;;;;;;;73;;;4;;;;;;;;;;;;
249;;;;;;;;;;;;;;;106;;;170;;;;;;;;;;;;
250;;;;;;;;;;;;;;;187;;;19;;;;;;;;;;;;
251;;;;;;;;;;;;;;;83;;;57;;;;;;;;;;;;
252;;;;;;;;;;;;;;;140;;;62;;;;;;;;;;;;
253;;;;;;;;;;;;;;;111;;;33;;;;;;;;;;;;
254;;;;;;;;;;;;;;;110;;;124;;;;;;;;;;;;
255;;;;;;;;;;;;;;;;;;103;;;;;;;;;;;;
256;;;;;;;;;;;;;;;;;;125;;;;;;;;;;;;
257;;;;;;;;;;;;;;;;;;85;;;;;;;;;;;;
258;;;;;;;;;;;;;;;;;;54;;;;;;;;;;;;
259;;;;;;;;;;;;;;;;;;184;;;;;;;;;;;;
260;;;;;;;;;;;;;;;;;;130;;;;;;;;;;;;
261;;;;;;;;;;;;;;;;;;2;;;;;;;;;;;;
262;;;;;;;;;;;;;;;;;;8;;;;;;;;;;;;
263;;;;;;;;;;;;;;;;;;7;;;;;;;;;;;;
264;;;;;;;;;;;;;;;;;;12;;;;;;;;;;;;
265;;;;;;;;;;;;;;;;;;31;;;;;;;;;;;;
266;;;;;;;;;;;;;;;;;;32;;;;;;;;;;;;
267;;;;;;;;;;;;;;;;;;2;;;;;;;;;;;;
268;;;;;;;;;;;;;;;;;;7;;;;;;;;;;;;
269;;;;;;;;;;;;;;;;;;8;;;;;;;;;;;;
270;;;;;;;;;;;;;;;;;;21;;;;;;;;;;;;
271;;;;;;;;;;;;;;;;;;27;;;;;;;;;;;;
272;;;;;;;;;;;;;;;;;;8;;;;;;;;;;;;
273;;;;;;;;;;;;;;;;;;23;;;;;;;;;;;;
274;;;;;;;;;;;;;;;;;;21;;;;;;;;;;;;
275;;;;;;;;;;;;;;;;;;8;;;;;;;;;;;;
276;;;;;;;;;;;;;;;;;;16;;;;;;;;;;;;
277;;;;;;;;;;;;;;;;;;20;;;;;;;;;;;;
278;;;;;;;;;;;;;;;;;;18;;;;;;;;;;;;
279;;;;;;;;;;;;;;;;;;14;;;;;;;;;;;;
280;;;;;;;;;;;;;;;;;;12;;;;;;;;;;;;
281;;;;;;;;;;;;;;;;;;22;;;;;;;;;;;;
282;;;;;;;;;;;;;;;;;;26;;;;;;;;;;;;
283;;;;;;;;;;;;;;;;;;44;;;;;;;;;;;;
284;;;;;;;;;;;;;;;;;;39;;;;;;;;;;;;
285;;;;;;;;;;;;;;;;;;69;;;;;;;;;;;;
286;;;;;;;;;;;;;;;;;;60;;;;;;;;;;;;
287;;;;;;;;;;;;;;;;;;101;;;;;;;;;;;;
288;;;;;;;;;;;;;;;;;;121;;;;;;;;;;;;
289;;;;;;;;;;;;;;;;;;401;;;;;;;;;;;;
290;;;;;;;;;;;;;;;;;;321;;;;;;;;;;;;
291;;;;;;;;;;;;;;;;;;136;;;;;;;;;;;;
292;;;;;;;;;;;;;;;;;;81;;;;;;;;;;;;
293;;;;;;;;;;;;;;;;;;226;;;;;;;;;;;;
294;;;;;;;;;;;;;;;;;;119;;;;;;;;;;;;
295;;;;;;;;;;;;;;;;;;106;;;;;;;;;;;;
296;;;;;;;;;;;;;;;;;;171;;;;;;;;;;;;
297;;;;;;;;;;;;;;;;;;116;;;;;;;;;;;;
298;;;;;;;;;;;;;;;;;;31;;;;;;;;;;;;
299;;;;;;;;;;;;;;;;;;15;;;;;;;;;;;;
300;;;;;;;;;;;;;;;;;;-18;;;;;;;;;;;;
301;;;;;;;;;;;;;;;;;;19;;;;;;;;;;;;
302;;;;;;;;;;;;;;;;;;153;;;;;;;;;;;;
303;;;;;;;;;;;;;;;;;;-31;;;;;;;;;;;;
304;;;;;;;;;;;;;;;;;;89;;;;;;;;;;;;
305;;;;;;;;;;;;;;;;;;22;;;;;;;;;;;;
306;;;;;;;;;;;;;;;;;;23;;;;;;;;;;;;
307;;;;;;;;;;;;;;;;;;14;;;;;;;;;;;;
308;;;;;;;;;;;;;;;;;;23;;;;;;;;;;;;
309;;;;;;;;;;;;;;;;;;29;;;;;;;;;;;;
310;;;;;;;;;;;;;;;;;;14;;;;;;;;;;;;
311;;;;;;;;;;;;;;;;;;19;;;;;;;;;;;;
312;;;;;;;;;;;;;;;;;;59;;;;;;;;;;;;
313;;;;;;;;;;;;;;;;;;35;;;;;;;;;;;;
314;;;;;;;;;;;;;;;;;;82;;;;;;;;;;;;
315;;;;;;;;;;;;;;;;;;73;;;;;;;;;;;;
316;;;;;;;;;;;;;;;;;;49;;;;;;;;;;;;
317;;;;;;;;;;;;;;;;;;28;;;;;;;;;;;;
318;;;;;;;;;;;;;;;;;;8;;;;;;;;;;;;
319;;;;;;;;;;;;;;;;;;54;;;;;;;;;;;;
320;;;;;;;;;;;;;;;;;;89;;;;;;;;;;;;
321;;;;;;;;;;;;;;;;;;18;;;;;;;;;;;;
322;;;;;;;;;;;;;;;;;;86;;;;;;;;;;;;
323;;;;;;;;;;;;;;;;;;10;;;;;;;;;;;;
324;;;;;;;;;;;;;;;;;;32;;;;;;;;;;;;
325;;;;;;;;;;;;;;;;;;14;;;;;;;;;;;;
326;;;;;;;;;;;;;;;;;;35;;;;;;;;;;;;
327;;;;;;;;;;;;;;;;;;11;;;;;;;;;;;;
328;;;;;;;;;;;;;;;;;;119;;;;;;;;;;;;
329;;;;;;;;;;;;;;;;;;16;;;;;;;;;;;;
330;;;;;;;;;;;;;;;;;;11;;;;;;;;;;;;
331;;;;;;;;;;;;;;;;;;31;;;;;;;;;;;;
332;;;;;;;;;;;;;;;;;;119;;;;;;;;;;;;
333;;;;;;;;;;;;;;;;;;40;;;;;;;;;;;;
334;;;;;;;;;;;;;;;;;;550;;;;;;;;;;;;
335;;;;;;;;;;;;;;;;;;102;;;;;;;;;;;;
336;;;;;;;;;;;;;;;;;;6575;;;;;;;;;;;;
337;;;;;;;;;;;;;;;;;;106;;;;;;;;;;;;
338;;;;;;;;;;;;;;;;;;88;;;;;;;;;;;;
339;;;;;;;;;;;;;;;;;;42;;;;;;;;;;;;
340;;;;;;;;;;;;;;;;;;27;;;;;;;;;;;;
341;;;;;;;;;;;;;;;;;;45;;;;;;;;;;;;
342;;;;;;;;;;;;;;;;;;1556;;;;;;;;;;;;
343;;;;;;;;;;;;;;;;;;53;;;;;;;;;;;;
344;;;;;;;;;;;;;;;;;;21;;;;;;;;;;;;
345;;;;;;;;;;;;;;;;;;37;;;;;;;;;;;;
346;;;;;;;;;;;;;;;;;;5;;;;;;;;;;;;
347;;;;;;;;;;;;;;;;;;27;;;;;;;;;;;;
348;;;;;;;;;;;;;;;;;;25;;;;;;;;;;;;
349;;;;;;;;;;;;;;;;;;108;;;;;;;;;;;;
350;;;;;;;;;;;;;;;;;;-11;;;;;;;;;;;;
351;;;;;;;;;;;;;;;;;;-11;;;;;;;;;;;;
352;;;;;;;;;;;;;;;;;;26;;;;;;;;;;;;
353;;;;;;;;;;;;;;;;;;17;;;;;;;;;;;;
354;;;;;;;;;;;;;;;;;;16;;;;;;;;;;;;
355;;;;;;;;;;;;;;;;;;6;;;;;;;;;;;;
356;;;;;;;;;;;;;;;;;;4;;;;;;;;;;;;
357;;;;;;;;;;;;;;;;;;26;;;;;;;;;;;;
358;;;;;;;;;;;;;;;;;;9;;;;;;;;;;;;
359;;;;;;;;;;;;;;;;;;20;;;;;;;;;;;;
360;;;;;;;;;;;;;;;;;;36;;;;;;;;;;;;
361;;;;;;;;;;;;;;;;;;33;;;;;;;;;;;;
362;;;;;;;;;;;;;;;;;;10;;;;;;;;;;;;
363;;;;;;;;;;;;;;;;;;35;;;;;;;;;;;;
364;;;;;;;;;;;;;;;;;;10;;;;;;;;;;;;
365;;;;;;;;;;;;;;;;;;62;;;;;;;;;;;;
366;;;;;;;;;;;;;;;;;;53;;;;;;;;;;;;
367;;;;;;;;;;;;;;;;;;23;;;;;;;;;;;;
368;;;;;;;;;;;;;;;;;;29;;;;;;;;;;;;
369;;;;;;;;;;;;;;;;;;19;;;;;;;;;;;;
370;;;;;;;;;;;;;;;;;;31;;;;;;;;;;;;
371;;;;;;;;;;;;;;;;;;30;;;;;;;;;;;;
372;;;;;;;;;;;;;;;;;;27;;;;;;;;;;;;
373;;;;;;;;;;;;;;;;;;15;;;;;;;;;;;;
374;;;;;;;;;;;;;;;;;;22;;;;;;;;;;;;
375;;;;;;;;;;;;;;;;;;42;;;;;;;;;;;;
376;;;;;;;;;;;;;;;;;;90;;;;;;;;;;;;
377;;;;;;;;;;;;;;;;;;6;;;;;;;;;;;;
378;;;;;;;;;;;;;;;;;;1;;;;;;;;;;;;
379;;;;;;;;;;;;;;;;;;90;;;;;;;;;;;;
380;;;;;;;;;;;;;;;;;;84;;;;;;;;;;;;
381;;;;;;;;;;;;;;;;;;1008;;;;;;;;;;;;
382;;;;;;;;;;;;;;;;;;108;;;;;;;;;;;;
383;;;;;;;;;;;;;;;;;;130;;;;;;;;;;;;
384;;;;;;;;;;;;;;;;;;12;;;;;;;;;;;;
385;;;;;;;;;;;;;;;;;;324;;;;;;;;;;;;
386;;;;;;;;;;;;;;;;;;162;;;;;;;;;;;;
387;;;;;;;;;;;;;;;;;;15;;;;;;;;;;;;
388;;;;;;;;;;;;;;;;;;30;;;;;;;;;;;;
389;;;;;;;;;;;;;;;;;;3;;;;;;;;;;;;
390;;;;;;;;;;;;;;;;;;10;;;;;;;;;;;;
391;;;;;;;;;;;;;;;;;;1;;;;;;;;;;;;
392;;;;;;;;;;;;;;;;;;24;;;;;;;;;;;;
393;;;;;;;;;;;;;;;;;;5;;;;;;;;;;;;
394;;;;;;;;;;;;;;;;;;8;;;;;;;;;;;;
395;;;;;;;;;;;;;;;;;;6;;;;;;;;;;;;
396;;;;;;;;;;;;;;;;;;26;;;;;;;;;;;;
397;;;;;;;;;;;;;;;;;;12;;;;;;;;;;;;
398;;;;;;;;;;;;;;;;;;35;;;;;;;;;;;;
399;;;;;;;;;;;;;;;;;;72;;;;;;;;;;;;
400;;;;;;;;;;;;;;;;;;60;;;;;;;;;;;;
401;;;;;;;;;;;;;;;;;;14;;;;;;;;;;;;
402;;;;;;;;;;;;;;;;;;;;;;;;;;;;;;
403;;;;;;;;;;;;;;;;;;;;;;;;;;;;;;
404;;;;;;;;;;;;;;;;;;;;;;;;;;;;;;
405;;;;;;;;;;;;;;;;;;;;;;;;;;;;;;
406;;;;;;;;;;;;;;;;;;;;;;;;;;;;;;
407;;;;;;;;;;;;;;;;;;;;;;;;;;;;;;
408;;;;;;;;;;;;;;;;;;;;;;;;;;;;;;
409;;;;;;;;;;;;;;;;;;;;;;;;;;;;;;
410;;;;;;;;;;;;;;;;;;;;;;;;;;;;;;
411;;;;;;;;;;;;;;;;;;;;;;;;;;;;;;
412;;;;;;;;;;;;;;;;;;;;;;;;;;;;;;
413;;;;;;;;;;;;;;;;;;;;;;;;;;;;;;
414;;;;;;;;;;;;;;;;;;;;;;;;;;;;;;
415;;;;;;;;;;;;;;;;;;;;;;;;;;;;;;
416;;;;;;;;;;;;;;;;;;;;;;;;;;;;;;
417;;;;;;;;;;;;;;;;;;;;;;;;;;;;;;
418;;;;;;;;;;;;;;;;;;;;;;;;;;;;;;
419;;;;;;;;;;;;;;;;;;;;;;;;;;;;;;
420;;;;;;;;;;;;;;;;;;;;;;;;;;;;;;
421;;;;;;;;;;;;;;;;;;;;;;;;;;;;;;
422;;;;;;;;;;;;;;;;;;;;;;;;;;;;;;
423;;;;;;;;;;;;;;;;;;;;;;;;;;;;;;
424;;;;;;;;;;;;;;;;;;;;;;;;;;;;;;
425;;;;;;;;;;;;;;;;;;;;;;;;;;;;;;
426;;;;;;;;;;;;;;;;;;;;;;;;;;;;;;
427;;;;;;;;;;;;;;;;;;;;;;;;;;;;;;
428;;;;;;;;;;;;;;;;;;;;;;;;;;;;;;
429;;;;;;;;;;;;;;;;;;;;;;;;;;;;;;
430;;;;;;;;;;;;;;;;;;;;;;;;;;;;;;
431;;;;;;;;;;;;;;;;;;;;;;;;;;;;;;
432;;;;;;;;;;;;;;;;;;;;;;;;;;;;;;
433;;;;;;;;;;;;;;;;;;;;;;;;;;;;;;
434;;;;;;;;;;;;;;;;;;;;;;;;;;;;;;
435;;;;;;;;;;;;;;;;;;;;;;;;;;;;;;
436;;;;;;;;;;;;;;;;;;;;;;;;;;;;;;
437;;;;;;;;;;;;;;;;;;;;;;;;;;;;;;
438;;;;;;;;;;;;;;;;;;;;;;;;;;;;;;
439;;;;;;;;;;;;;;;;;;;;;;;;;;;;;;
440;;;;;;;;;;;;;;;;;;;;;;;;;;;;;;
441;;;;;;;;;;;;;;;;;;;;;;;;;;;;;;
442;;;;;;;;;;;;;;;;;;;;;;;;;;;;;;
443;;;;;;;;;;;;;;;;;;;;;;;;;;;;;;
444;;;;;;;;;;;;;;;;;;;;;;;;;;;;;;
445;;;;;;;;;;;;;;;;;;;;;;;;;;;;;;
446;;;;;;;;;;;;;;;;;;;;;;;;;;;;;;
447;;;;;;;;;;;;;;;;;;;;;;;;;;;;;;
448;;;;;;;;;;;;;;;;;;;;;;;;;;;;;;
449;;;;;;;;;;;;;;;;;;;;;;;;;;;;;;
450;;;;;;;;;;;;;;;;;;;;;;;;;;;;;;
451;;;;;;;;;;;;;;;;;;;;;;;;;;;;;;
452;;;;;;;;;;;;;;;;;;;;;;;;;;;;;;
453;;;;;;;;;;;;;;;;;;;;;;;;;;;;;;
454;;;;;;;;;;;;;;;;;;;;;;;;;;;;;;
455;;;;;;;;;;;;;;;;;;;;;;;;;;;;;;
456;;;;;;;;;;;;;;;;;;;;;;;;;;;;;;
457;;;;;;;;;;;;;;;;;;;;;;;;;;;;;;
458;;;;;;;;;;;;;;;;;;;;;;;;;;;;;;
459;;;;;;;;;;;;;;;;;;;;;;;;;;;;;;
460;;;;;;;;;;;;;;;;;;;;;;;;;;;;;;
461;;;;;;;;;;;;;;;;;;;;;;;;;;;;;;
462;;;;;;;;;;;;;;;;;;;;;;;;;;;;;;
463;;;;;;;;;;;;;;;;;;;;;;;;;;;;;;
464;;;;;;;;;;;;;;;;;;;;;;;;;;;;;;
465;;;;;;;;;;;;;;;;;;;;;;;;;;;;;;
466;;;;;;;;;;;;;;;;;;;;;;;;;;;;;;
467;;;;;;;;;;;;;;;;;;;;;;;;;;;;;;
468;;;;;;;;;;;;;;;;;;;;;;;;;;;;;;
469;;;;;;;;;;;;;;;;;;;;;;;;;;;;;;
470;;;;;;;;;;;;;;;;;;;;;;;;;;;;;;
471;;;;;;;;;;;;;;;;;;;;;;;;;;;;;;
472;;;;;;;;;;;;;;;;;;;;;;;;;;;;;;
473;;;;;;;;;;;;;;;;;;;;;;;;;;;;;;
474;;;;;;;;;;;;;;;;;;;;;;;;;;;;;;
475;;;;;;;;;;;;;;;;;;;;;;;;;;;;;;
476;;;;;;;;;;;;;;;;;;;;;;;;;;;;;;
477;;;;;;;;;;;;;;;;;;;;;;;;;;;;;;
478;;;;;;;;;;;;;;;;;;;;;;;;;;;;;;
479;;;;;;;;;;;;;;;;;;;;;;;;;;;;;;
480;;;;;;;;;;;;;;;;;;;;;;;;;;;;;;
481;;;;;;;;;;;;;;;;;;;;;;;;;;;;;;
482;;;;;;;;;;;;;;;;;;;;;;;;;;;;;;
483;;;;;;;;;;;;;;;;;;;;;;;;;;;;;;
484;;;;;;;;;;;;;;;;;;;;;;;;;;;;;;
485;;;;;;;;;;;;;;;;;;;;;;;;;;;;;;
486;;;;;;;;;;;;;;;;;;;;;;;;;;;;;;
487;;;;;;;;;;;;;;;;;;;;;;;;;;;;;;
;;;;;;;;;;;;;;;;;;;;;;;;;;;;;;
